submission_id,filename,url,subreddit,date
1p083sj,img_dalle2_1p083sj.jpeg,https://i.redd.it/5juj29bkjz1g1.jpeg,dalle2,2025-11-18T05:04:10
1oz14jb,img_dalle2_1oz14jb.jpeg,https://i.redd.it/agp58awbip1g1.jpeg,dalle2,2025-11-16T18:50:39
1o8epr0,img_dalle2_1o8epr0.jpeg,https://i.redd.it/5qlqep5csivf1.jpeg,dalle2,2025-10-16T14:50:10
1ngutdc,img_dalle2_1ngutdc.jpeg,https://i.redd.it/d5syj45oj5pf1.jpeg,dalle2,2025-09-14T11:52:51
1ngiz96,img_dalle2_1ngiz96.jpeg,https://i.redd.it/l8yp0vlah2pf1.jpeg,dalle2,2025-09-14T01:35:11
1ng9imb,img_dalle2_1ng9imb.jpeg,https://i.redd.it/igr3dewi40pf1.jpeg,dalle2,2025-09-13T17:39:03
1nff7e3,img_dalle2_1nff7e3.jpeg,https://i.redd.it/rkt2qoc0wsof1.jpeg,dalle2,2025-09-12T17:18:51
1na79f6,img_dalle2_1na79f6.jpeg,https://i.redd.it/efx9o35galnf1.jpeg,dalle2,2025-09-06T14:41:24
1n8sxi9,img_dalle2_1n8sxi9.jpeg,https://i.redd.it/sf6kjkj679nf1.jpeg,dalle2,2025-09-04T22:02:51
1mpr305,img_dalle2_1mpr305.jpeg,https://i.redd.it/nwfkelmi1xif1.jpeg,dalle2,2025-08-14T00:52:53
1mm3wnl,img_dalle2_1mm3wnl.jpeg,https://i.redd.it/p3zq35jrz2if1.jpeg,dalle2,2025-08-09T19:50:07
1mkchqc,img_dalle2_1mkchqc.jpeg,https://i.redd.it/xu24i68tznhf1.jpeg,dalle2,2025-08-07T17:22:19
1mk1sbx,img_dalle2_1mk1sbx.jpeg,https://i.redd.it/72c0y09ezlhf1.jpeg,dalle2,2025-08-07T10:36:25
1mjg88b,img_dalle2_1mjg88b.jpeg,https://i.redd.it/ytang6kqoghf1.jpeg,dalle2,2025-08-06T16:47:47
1mivl4i,img_dalle2_1mivl4i.jpeg,https://i.redd.it/6lirwmo0ybhf1.jpeg,dalle2,2025-08-06T00:50:54
1mic6r7,img_dalle2_1mic6r7.png,https://i.redd.it/58oezqy0y7hf1.png,dalle2,2025-08-05T11:24:01
1m5cvbl,img_dalle2_1m5cvbl.png,https://i.redd.it/56oora95o6ef1.png,dalle2,2025-07-21T03:54:43
1lw5vk1,img_dalle2_1lw5vk1.png,https://i.redd.it/wkz5h99pszbf1.png,dalle2,2025-07-10T02:40:39
1lu0ocq,img_dalle2_1lu0ocq.png,https://i.redd.it/dx2lovm2ohbf1.png,dalle2,2025-07-07T13:41:10
1ltmfif,img_dalle2_1ltmfif.jpeg,https://i.redd.it/nkvkr5xg5ebf1.jpeg,dalle2,2025-07-07T01:51:52
1lrlndo,img_dalle2_1lrlndo.jpeg,https://i.redd.it/2jqmmnwhmvaf1.jpeg,dalle2,2025-07-04T11:33:01
1lqj235,img_dalle2_1lqj235.png,https://i.redd.it/8txelf2gylaf1.png,dalle2,2025-07-03T03:02:15
1lovpbs,img_dalle2_1lovpbs.png,https://i.redd.it/89waus22w7af1.png,dalle2,2025-07-01T03:43:55
1lfa20h,img_dalle2_1lfa20h.jpeg,https://i.redd.it/6xrp3vu6sv7f1.jpeg,dalle2,2025-06-19T08:52:31
1lf973e,img_dalle2_1lf973e.jpeg,https://i.redd.it/29e1089okv7f1.jpeg,dalle2,2025-06-19T08:10:24
1lf2fak,img_dalle2_1lf2fak.png,https://i.redd.it/y95dvoolgt7f1.png,dalle2,2025-06-19T01:04:04
1lerffs,img_dalle2_1lerffs.jpeg,https://i.redd.it/l8tlqk0ruq7f1.jpeg,dalle2,2025-06-18T16:17:57
1ldj2pj,img_dalle2_1ldj2pj.png,https://i.redd.it/xynku3kimg7f1.png,dalle2,2025-06-17T05:54:03
1l8sswk,img_dalle2_1l8sswk.png,https://i.redd.it/nqpx3ey3wa6f1.png,dalle2,2025-06-11T09:33:13
1l7wdif,img_dalle2_1l7wdif.png,https://i.redd.it/es3cu97p536f1.png,dalle2,2025-06-10T07:32:41
1kyw8mk,img_dalle2_1kyw8mk.jpeg,https://i.redd.it/n29c8m2gtu3f1.jpeg,dalle2,2025-05-30T01:21:22
1ktfsz4,img_dalle2_1ktfsz4.png,https://i.redd.it/49mpl6is9i2f1.png,dalle2,2025-05-23T06:05:49
1koy9zi,img_dalle2_1koy9zi.png,https://i.redd.it/qpfzn5rgmd1f1.png,dalle2,2025-05-17T13:23:42
1kj4zjk,img_dalle2_1kj4zjk.png,https://i.redd.it/cce8lkqauwze1.png,dalle2,2025-05-10T03:53:06
1kfzm3e,img_dalle2_1kfzm3e.png,https://i.redd.it/d341w8koj4ze1.png,dalle2,2025-05-06T04:43:59
1kcj0bh,img_dalle2_1kcj0bh.jpeg,https://i.redd.it/6f2jr5dre8ye1.jpeg,dalle2,2025-05-01T16:39:03
1ka2e2x,img_dalle2_1ka2e2x.jpeg,https://i.redd.it/y7gh9bhs9mxe1.jpeg,dalle2,2025-04-28T14:12:01
1k8nt3i,img_dalle2_1k8nt3i.jpeg,https://i.redd.it/dkg600itz8xe1.jpeg,dalle2,2025-04-26T17:32:58
1k8mnbo,img_dalle2_1k8mnbo.png,https://i.redd.it/wbx29t6fq8xe1.png,dalle2,2025-04-26T16:40:18
1k773ry,img_dalle2_1k773ry.jpeg,https://i.redd.it/k2jtbux2fvwe1.jpeg,dalle2,2025-04-24T19:53:34
1k40oic,img_dalle2_1k40oic.jpeg,https://i.redd.it/b27y9l2p13we1.jpeg,dalle2,2025-04-20T20:28:58
1k2hr5s,img_dalle2_1k2hr5s.jpeg,https://i.redd.it/5fv9fzfr8ove1.jpeg,dalle2,2025-04-18T18:41:53
1k2ckf3,img_dalle2_1k2ckf3.jpeg,https://i.redd.it/p63nnarw3nve1.jpeg,dalle2,2025-04-18T14:52:54
1jvs07k,img_dalle2_1jvs07k.jpeg,https://i.redd.it/ylq8bsqfkyte1.jpeg,dalle2,2025-04-10T03:16:32
1jv2i32,img_dalle2_1jv2i32.jpeg,https://i.redd.it/njmbt10vdste1.jpeg,dalle2,2025-04-09T06:29:00
1juocfv,img_dalle2_1juocfv.jpeg,https://i.redd.it/rki8vhtscote1.jpeg,dalle2,2025-04-08T16:55:57
1jt6u5s,img_dalle2_1jt6u5s.png,https://i.redd.it/v87hxll9oate1.png,dalle2,2025-04-06T18:55:14
1jrx142,img_dalle2_1jrx142.jpeg,https://i.redd.it/uxg2f5k7lyse1.jpeg,dalle2,2025-04-05T02:18:12
1jqucnr,img_dalle2_1jqucnr.jpeg,https://i.redd.it/izdo9qipqose1.jpeg,dalle2,2025-04-03T17:09:54
1jqqdg0,img_dalle2_1jqqdg0.jpeg,https://i.redd.it/9v76aj1dznse1.jpeg,dalle2,2025-04-03T14:37:00
1jo41de,img_dalle2_1jo41de.jpeg,https://i.redd.it/2f3f62ym81se1.jpeg,dalle2,2025-03-31T10:07:31
1jnqt33,img_dalle2_1jnqt33.jpeg,https://i.redd.it/mfxwx51w5xre1.jpeg,dalle2,2025-03-30T20:24:57
1jnd9wj,img_dalle2_1jnd9wj.jpeg,https://i.redd.it/rn42qbzl4ure1.jpeg,dalle2,2025-03-30T10:12:28
1jm0hyq,img_dalle2_1jm0hyq.jpeg,https://i.redd.it/y5n1azritgre1.jpeg,dalle2,2025-03-28T13:27:08
1jky4yu,img_dalle2_1jky4yu.jpeg,https://i.redd.it/yb8nel3jl6re1.jpeg,dalle2,2025-03-27T03:04:41
1jjw3c1,img_dalle2_1jjw3c1.jpeg,https://i.redd.it/6mypq10quwqe1.jpeg,dalle2,2025-03-25T18:18:12
1jhs48s,img_dalle2_1jhs48s.jpeg,https://i.redd.it/h1jdc8umjdqe1.jpeg,dalle2,2025-03-23T01:22:48
1jh9ip5,img_dalle2_1jh9ip5.jpeg,https://i.redd.it/mp3l4w4139qe1.jpeg,dalle2,2025-03-22T10:22:03
1jh1b1b,img_dalle2_1jh1b1b.png,https://i.ibb.co/W4rqx2wh/415c4240-6bbd-486a-a51d-b602fe8b0d22.png,dalle2,2025-03-22T01:20:04
1jgqzv2,img_dalle2_1jgqzv2.png,https://i.redd.it/vniv02art3qe1.png,dalle2,2025-03-21T16:42:05
1jfjoet,img_dalle2_1jfjoet.jpeg,https://i.redd.it/4fb1wcbuuspe1.jpeg,dalle2,2025-03-20T03:47:40
1jf90qp,img_dalle2_1jf90qp.png,https://i.redd.it/xril0bufxppe1.png,dalle2,2025-03-19T17:57:32
1jf17b8,img_dalle2_1jf17b8.jpeg,https://i.redd.it/qwb7driubope1.jpeg,dalle2,2025-03-19T12:34:04
1jernjl,img_dalle2_1jernjl.jpeg,https://i.redd.it/yiuptau7olpe1.jpeg,dalle2,2025-03-19T03:38:02
1jec0fe,img_dalle2_1jec0fe.jpeg,https://i.redd.it/8a6lmlz5rhpe1.jpeg,dalle2,2025-03-18T14:27:26
1jdzwyp,img_dalle2_1jdzwyp.jpeg,https://i.redd.it/n43whxgbnepe1.jpeg,dalle2,2025-03-18T04:03:04
1jdz39s,img_dalle2_1jdz39s.jpeg,https://i.redd.it/rdqkt1dlbepe1.jpeg,dalle2,2025-03-18T02:56:37
1jds6qe,img_dalle2_1jds6qe.jpeg,https://i.redd.it/i2ln2xnlccpe1.jpeg,dalle2,2025-03-17T20:17:12
1jdcab8,img_dalle2_1jdcab8.jpeg,https://i.redd.it/y1dosn3v19pe1.jpeg,dalle2,2025-03-17T09:11:38
1jd6i6z,img_dalle2_1jd6i6z.jpeg,https://i.redd.it/q86wsckj47pe1.jpeg,dalle2,2025-03-17T02:42:49
1jccdro,img_dalle2_1jccdro.jpeg,https://i.redd.it/8wzada4eyyoe1.jpeg,dalle2,2025-03-15T23:14:08
1jc7hem,img_dalle2_1jc7hem.jpeg,https://i.redd.it/nnel1sftoxoe1.jpeg,dalle2,2025-03-15T18:58:38
1jbxy28,img_dalle2_1jbxy28.jpeg,https://i.redd.it/j0eanqknivoe1.jpeg,dalle2,2025-03-15T11:43:59
1jbc3sh,img_dalle2_1jbc3sh.jpeg,https://i.redd.it/1euver2cipoe1.jpeg,dalle2,2025-03-14T15:30:04
1jaxqi7,img_dalle2_1jaxqi7.jpeg,https://i.redd.it/wxqjni7yploe1.jpeg,dalle2,2025-03-14T02:43:37
1jacxdi,img_dalle2_1jacxdi.jpeg,https://i.redd.it/lw7n6nretgoe1.jpeg,dalle2,2025-03-13T10:14:07
1ja6m7s,img_dalle2_1ja6m7s.jpeg,https://i.redd.it/g6o555ivteoe1.jpeg,dalle2,2025-03-13T03:34:23
1ja5up6,img_dalle2_1ja5up6.jpeg,https://i.redd.it/j4ruisrgjeoe1.jpeg,dalle2,2025-03-13T02:35:33
1ja3gtw,img_dalle2_1ja3gtw.jpeg,https://i.redd.it/agb3ovo3rdoe1.jpeg,dalle2,2025-03-12T23:58:05
1ja1ktt,img_dalle2_1ja1ktt.jpeg,https://i.redd.it/a1xj2bpe9doe1.jpeg,dalle2,2025-03-12T22:17:09
1j9msfz,img_dalle2_1j9msfz.jpeg,https://i.redd.it/14642t2s2aoe1.jpeg,dalle2,2025-03-12T11:34:32
1j9i0ad,img_dalle2_1j9i0ad.jpeg,https://i.redd.it/cdct0fzdw8oe1.jpeg,dalle2,2025-03-12T07:36:34
1j9dfeu,img_dalle2_1j9dfeu.jpeg,https://i.redd.it/2v5pia30e7oe1.jpeg,dalle2,2025-03-12T02:31:56
1j8jw8i,img_dalle2_1j8jw8i.jpeg,https://i.redd.it/vwl66r2t00oe1.jpeg,dalle2,2025-03-11T01:45:25
1j8d8rd,img_dalle2_1j8d8rd.jpeg,https://i.redd.it/bk9uplua9yne1.jpeg,dalle2,2025-03-10T19:49:19
1j7z8pl,img_dalle2_1j7z8pl.jpeg,https://i.redd.it/jmatkav0cvne1.jpeg,dalle2,2025-03-10T09:59:13
1j7tjzt,img_dalle2_1j7tjzt.jpeg,https://i.redd.it/0fvd6qscjtne1.jpeg,dalle2,2025-03-10T03:56:48
1j7swsr,img_dalle2_1j7swsr.png,https://i.redd.it/ilg6ne59atne1.png,dalle2,2025-03-10T03:06:09
1j7srhf,img_dalle2_1j7srhf.jpeg,https://i.redd.it/8hkqo8ga8tne1.jpeg,dalle2,2025-03-10T02:55:35
1j7fsw0,img_dalle2_1j7fsw0.jpeg,https://i.redd.it/9nxv99s6wpne1.jpeg,dalle2,2025-03-09T15:43:37
1j6wgo3,img_dalle2_1j6wgo3.jpeg,https://i.redd.it/1y2vz3qghkne1.jpeg,dalle2,2025-03-08T20:30:32
1j68zsl,img_dalle2_1j68zsl.jpeg,https://i.redd.it/4r2sd6w76ene1.jpeg,dalle2,2025-03-07T23:16:32
1j64tlj,img_dalle2_1j64tlj.jpeg,https://i.redd.it/5yhqzn5b2dne1.jpeg,dalle2,2025-03-07T19:33:12
1j5pnnj,img_dalle2_1j5pnnj.png,https://i.redd.it/hqrhqn285ane1.png,dalle2,2025-03-07T09:43:48
1j5h98d,img_dalle2_1j5h98d.jpeg,https://i.redd.it/q1ftd6ogp7ne1.jpeg,dalle2,2025-03-07T01:31:56
1j4uq2a,img_dalle2_1j4uq2a.jpeg,https://i.redd.it/oj4wjs01g2ne1.jpeg,dalle2,2025-03-06T07:50:06
1j3wwto,img_dalle2_1j3wwto.jpeg,https://i.redd.it/29lt512yetme1.jpeg,dalle2,2025-03-05T01:30:05
1j3sbny,img_dalle2_1j3sbny.jpeg,https://i.redd.it/abrnn1b95sme1.jpeg,dalle2,2025-03-04T21:11:49
1j3hbkc,img_dalle2_1j3hbkc.jpeg,https://i.redd.it/ikufslzjrpme1.jpeg,dalle2,2025-03-04T13:12:09
1j3gfkz,img_dalle2_1j3gfkz.jpeg,https://i.redd.it/wdogt4yclpme1.jpeg,dalle2,2025-03-04T12:36:45
1j3bxz7,img_dalle2_1j3bxz7.jpeg,https://i.redd.it/ndoz6fkcnome1.jpeg,dalle2,2025-03-04T09:26:15
1j39927,img_dalle2_1j39927.jpeg,https://i.redd.it/ywg3gne2ynme1.jpeg,dalle2,2025-03-04T07:04:24
1j2kj20,img_dalle2_1j2kj20.jpeg,https://i.redd.it/i7ooyqpfohme1.jpeg,dalle2,2025-03-03T09:59:43
1j1ezpk,img_dalle2_1j1ezpk.jpeg,https://i.redd.it/zb89ck4nf6me1.jpeg,dalle2,2025-03-01T20:10:52
1j1evu4,img_dalle2_1j1evu4.jpeg,https://i.redd.it/inor3rwge6me1.jpeg,dalle2,2025-03-01T20:05:20
1j1ahtt,img_dalle2_1j1ahtt.jpeg,https://i.redd.it/o9jrz0lsd5me1.jpeg,dalle2,2025-03-01T16:38:54
1j11v81,img_dalle2_1j11v81.jpeg,https://i.redd.it/4alb2ry1j3me1.jpeg,dalle2,2025-03-01T10:24:37
1j0uyvj,img_dalle2_1j0uyvj.jpeg,https://i.redd.it/z0tmxa88h1me1.jpeg,dalle2,2025-03-01T03:31:16
1j0uxzs,img_dalle2_1j0uxzs.jpeg,https://i.redd.it/zd4ddzzog1me1.jpeg,dalle2,2025-03-01T03:29:30
1j0uppg,img_dalle2_1j0uppg.jpeg,https://i.redd.it/o8fwymtld1me1.jpeg,dalle2,2025-03-01T03:12:41
1j0uh2f,img_dalle2_1j0uh2f.jpeg,https://i.redd.it/r5gonor0b1me1.jpeg,dalle2,2025-03-01T02:56:10
1j0omg3,img_dalle2_1j0omg3.jpeg,https://i.redd.it/7zoddky9kzle1.jpeg,dalle2,2025-02-28T21:04:21
1j0n6q8,img_dalle2_1j0n6q8.jpeg,https://i.redd.it/x6arpscw6zle1.jpeg,dalle2,2025-02-28T19:49:37
1j0h2y5,img_dalle2_1j0h2y5.jpeg,https://i.redd.it/w49zsisitxle1.jpeg,dalle2,2025-02-28T15:12:50
1j02wwj,img_dalle2_1j02wwj.jpeg,https://i.redd.it/fd0xxkas9ule1.jpeg,dalle2,2025-02-28T03:16:54
1izo9id,img_dalle2_1izo9id.jpeg,https://i.redd.it/11espcv8hqle1.jpeg,dalle2,2025-02-27T14:31:19
1izmhde,img_dalle2_1izmhde.png,https://i.redd.it/92rmz3x74qle1.png,dalle2,2025-02-27T13:18:26
1izfasc,img_dalle2_1izfasc.jpeg,https://i.redd.it/o62f3l0ckole1.jpeg,dalle2,2025-02-27T08:06:43
1iyzjoc,img_dalle2_1iyzjoc.jpeg,https://i.redd.it/jpoakcaq2kle1.jpeg,dalle2,2025-02-26T16:59:16
1iyyzgz,img_dalle2_1iyyzgz.jpeg,https://i.redd.it/yux4e9ahyjle1.jpeg,dalle2,2025-02-26T16:35:27
1iyxxuz,img_dalle2_1iyxxuz.png,https://i.redd.it/e6kh831nqjle1.png,dalle2,2025-02-26T15:52:00
1iyc2e4,img_dalle2_1iyc2e4.jpeg,https://i.redd.it/ib4mno0y1ele1.jpeg,dalle2,2025-02-25T20:44:11
1ixq28y,img_dalle2_1ixq28y.jpeg,https://i.redd.it/lnnn4kxau8le1.jpeg,dalle2,2025-02-25T03:13:17
1ixp8tm,img_dalle2_1ixp8tm.jpeg,https://i.redd.it/kxpvtg6pj8le1.jpeg,dalle2,2025-02-25T02:13:39
1ixay3h,img_dalle2_1ixay3h.png,https://i.redd.it/2ltz27ql45le1.png,dalle2,2025-02-24T14:43:45
1ixacrs,img_dalle2_1ixacrs.png,https://i.redd.it/j3syv15905le1.png,dalle2,2025-02-24T14:19:41
1ix9m9n,img_dalle2_1ix9m9n.jpeg,https://i.redd.it/hvf6rxz5v4le1.jpeg,dalle2,2025-02-24T13:50:09
1iwpc1z,img_dalle2_1iwpc1z.jpeg,https://i.redd.it/mdest01xgzke1.jpeg,dalle2,2025-02-23T19:43:10
1iw3w9n,img_dalle2_1iw3w9n.jpeg,https://i.redd.it/yv3v7e8e2uke1.jpeg,dalle2,2025-02-23T01:31:12
1iw38nh,img_dalle2_1iw38nh.jpeg,https://i.redd.it/y9soza4qutke1.jpeg,dalle2,2025-02-23T00:48:22
1ivya8j,img_dalle2_1ivya8j.jpeg,https://i.redd.it/h1dguu8jhske1.jpeg,dalle2,2025-02-22T20:12:21
1ivv6bx,img_dalle2_1ivv6bx.jpeg,https://i.redd.it/g649uq2eqrke1.jpeg,dalle2,2025-02-22T17:41:12
1ivdgio,img_dalle2_1ivdgio.jpeg,https://i.redd.it/p33rxb0n8nke1.jpeg,dalle2,2025-02-22T02:33:48
1ivcjzy,img_dalle2_1ivcjzy.jpeg,https://i.redd.it/3rh5b93uxmke1.jpeg,dalle2,2025-02-22T01:33:12
1iv6sm3,img_dalle2_1iv6sm3.jpeg,https://i.redd.it/j168z363clke1.jpeg,dalle2,2025-02-21T20:09:22
1iv5dta,img_dalle2_1iv5dta.jpeg,https://i.redd.it/87vit8i6xkke1.jpeg,dalle2,2025-02-21T18:45:48
1iv09ue,img_dalle2_1iv09ue.jpeg,https://i.redd.it/4tw9bd2ytjke1.jpeg,dalle2,2025-02-21T15:06:11
1iuxcju,img_dalle2_1iuxcju.jpeg,https://i.redd.it/m03u9hch8jke1.jpeg,dalle2,2025-02-21T13:05:35
1iuss2m,img_dalle2_1iuss2m.jpeg,https://i.redd.it/0rpcy1zeaike1.jpeg,dalle2,2025-02-21T09:56:50
1iuh65p,img_dalle2_1iuh65p.jpeg,https://i.redd.it/l9g12uf6ueke1.jpeg,dalle2,2025-02-20T22:19:13
1iu917w,img_dalle2_1iu917w.jpeg,https://i.redd.it/qoixmzt5xcke1.jpeg,dalle2,2025-02-20T15:52:05
1ittgqu,img_dalle2_1ittgqu.jpeg,https://i.redd.it/gw4aeu4349ke1.jpeg,dalle2,2025-02-20T03:03:14
1itt9p2,img_dalle2_1itt9p2.jpeg,https://i.redd.it/x0ubesnm19ke1.jpeg,dalle2,2025-02-20T02:49:33
1itl2mb,img_dalle2_1itl2mb.png,https://i.redd.it/kg4iu2uvs6ke1.png,dalle2,2025-02-19T19:17:01
1isskq9,img_dalle2_1isskq9.png,https://live.staticflickr.com/65535/54293454562_a1ed6bf026_o.png,dalle2,2025-02-18T19:54:38
1is3cs8,img_dalle2_1is3cs8.png,https://i.redd.it/1l82m2xeitje1.png,dalle2,2025-02-17T22:35:18
1irh9nh,img_dalle2_1irh9nh.jpeg,https://i.redd.it/201x8x4wjoje1.jpeg,dalle2,2025-02-17T05:54:37
1iqvzrt,img_dalle2_1iqvzrt.jpeg,https://i.redd.it/kctk7kpy2jje1.jpeg,dalle2,2025-02-16T11:30:34
1iqv82i,img_dalle2_1iqv82i.jpeg,https://i.redd.it/z84fmvi1xije1.jpeg,dalle2,2025-02-16T10:57:36
1iqo6ps,img_dalle2_1iqo6ps.jpeg,https://i.redd.it/3ojz4uyftgje1.jpeg,dalle2,2025-02-16T03:54:36
1ipwpkm,img_dalle2_1ipwpkm.jpeg,https://i.redd.it/d4bd784ye9je1.jpeg,dalle2,2025-02-15T03:00:15
1ipkt6o,img_dalle2_1ipkt6o.jpeg,https://i.redd.it/9tzxruvu46je1.jpeg,dalle2,2025-02-14T15:58:30
1ipdfhe,img_dalle2_1ipdfhe.jpeg,https://i.redd.it/c61s9v2nk4je1.jpeg,dalle2,2025-02-14T10:43:46
1ip4tjy,img_dalle2_1ip4tjy.jpeg,https://i.redd.it/j1igqq3dy1je1.jpeg,dalle2,2025-02-14T01:54:47
1ip3lge,img_dalle2_1ip3lge.jpeg,https://i.redd.it/a1q75wluj1je1.jpeg,dalle2,2025-02-14T00:33:21
1ioxtdl,img_dalle2_1ioxtdl.jpeg,https://i.redd.it/jbuc8fmpzzie1.jpeg,dalle2,2025-02-13T19:18:45
1iovouw,img_dalle2_1iovouw.jpeg,https://i.redd.it/k1ixao7whzie1.jpeg,dalle2,2025-02-13T17:38:42
1ioe547,img_dalle2_1ioe547.jpeg,https://i.redd.it/r259ub554vie1.jpeg,dalle2,2025-02-13T02:54:31
1inxeqx,img_dalle2_1inxeqx.png,https://i.redd.it/hkl5370v0rie1.png,dalle2,2025-02-12T13:08:54
1inopbo,img_dalle2_1inopbo.png,https://i.redd.it/dbvy3re91pie1.png,dalle2,2025-02-12T06:28:29
1inn3qc,img_dalle2_1inn3qc.jpeg,https://i.redd.it/cn9tgtmjeoie1.jpeg,dalle2,2025-02-12T04:20:29
1in4s5t,img_dalle2_1in4s5t.png,https://i.redd.it/84wlj3nxtjie1.png,dalle2,2025-02-11T12:58:32
1imu7ru,img_dalle2_1imu7ru.jpeg,https://i.redd.it/q10ozuzt2hie1.jpeg,dalle2,2025-02-11T03:42:53
1imo116,img_dalle2_1imo116.png,https://i.redd.it/ki6dfxje7fie1.png,dalle2,2025-02-10T21:27:43
1imlb5e,img_dalle2_1imlb5e.png,https://i.redd.it/jcxqs2l4jeie1.png,dalle2,2025-02-10T19:08:07
1im2r0x,img_dalle2_1im2r0x.jpeg,https://i.redd.it/b9687c9hcaie1.jpeg,dalle2,2025-02-10T05:04:15
1ilzypf,img_dalle2_1ilzypf.jpeg,https://i.redd.it/fbmyaqwmb9ie1.jpeg,dalle2,2025-02-10T01:37:34
1il814a,img_dalle2_1il814a.jpeg,https://i.redd.it/zvzrtl4qy1ie1.jpeg,dalle2,2025-02-09T00:52:39
1il7hhn,img_dalle2_1il7hhn.png,https://i.redd.it/bk5907css1ie1.png,dalle2,2025-02-09T00:19:07
1il6vi9,img_dalle2_1il6vi9.jpeg,https://i.redd.it/rr9zzbf5m1ie1.jpeg,dalle2,2025-02-08T23:42:11
1il6rok,img_dalle2_1il6rok.png,https://i.redd.it/gzye5l94l1ie1.png,dalle2,2025-02-08T23:36:08
1il5uc6,img_dalle2_1il5uc6.jpeg,https://i.redd.it/nruk1ehob1ie1.jpeg,dalle2,2025-02-08T22:43:34
1il38li,img_dalle2_1il38li.jpeg,https://i.redd.it/91bi9292n0ie1.jpeg,dalle2,2025-02-08T20:25:24
1ikmcpu,img_dalle2_1ikmcpu.jpeg,https://i.redd.it/fi9bqxu1uwhe1.jpeg,dalle2,2025-02-08T07:37:25
1ikka35,img_dalle2_1ikka35.jpeg,https://i.redd.it/200gzcgj4whe1.jpeg,dalle2,2025-02-08T05:17:42
1iki1e9,img_dalle2_1iki1e9.png,https://i.redd.it/f6n443rocvhe1.png,dalle2,2025-02-08T02:38:13
1ikfxpl,img_dalle2_1ikfxpl.jpeg,https://i.redd.it/29a5p4udouhe1.jpeg,dalle2,2025-02-08T00:23:00
1ik8313,img_dalle2_1ik8313.jpeg,https://i.redd.it/j70thxi2qshe1.jpeg,dalle2,2025-02-07T17:47:48
1ijqyq8,img_dalle2_1ijqyq8.png,https://i.redd.it/q7wizx1noohe1.png,dalle2,2025-02-07T04:12:50
1ijpx1r,img_dalle2_1ijpx1r.jpeg,https://i.redd.it/8wmwk0znaohe1.jpeg,dalle2,2025-02-07T02:54:58
1iii0w8,img_dalle2_1iii0w8.jpeg,https://i.redd.it/ges2obwiddhe1.jpeg,dalle2,2025-02-05T14:10:46
1iihwhi,img_dalle2_1iihwhi.jpeg,https://i.redd.it/v73k8ncocdhe1.jpeg,dalle2,2025-02-05T14:06:01
1ii3pv5,img_dalle2_1ii3pv5.jpeg,https://i.redd.it/lv26f91fj9he1.jpeg,dalle2,2025-02-05T01:16:45
1ihe1hy,img_dalle2_1ihe1hy.jpeg,https://i.redd.it/mokul296e3he1.jpeg,dalle2,2025-02-04T04:37:08
1ihdsr3,img_dalle2_1ihdsr3.jpeg,https://i.redd.it/dlz7xr9xa3he1.jpeg,dalle2,2025-02-04T04:18:43
1igzdq9,img_dalle2_1igzdq9.jpeg,https://i.redd.it/b5gaaqaqjzge1.jpeg,dalle2,2025-02-03T15:40:45
1igk8tw,img_dalle2_1igk8tw.png,https://i.redd.it/c27i9mk5tvge1.png,dalle2,2025-02-03T03:06:21
1ifygql,img_dalle2_1ifygql.jpeg,https://i.redd.it/7788ynzdlqge1.jpeg,dalle2,2025-02-02T09:33:55
1ifx4l2,img_dalle2_1ifx4l2.jpeg,https://i.redd.it/2xtgxwdq8qge1.jpeg,dalle2,2025-02-02T08:23:30
1ifrkgl,img_dalle2_1ifrkgl.jpeg,https://i.redd.it/88emwjxjboge1.jpeg,dalle2,2025-02-02T01:55:48
1ifhl47,img_dalle2_1ifhl47.jpeg,https://i.redd.it/yovd49f2olge1.jpeg,dalle2,2025-02-01T17:00:09
1if0f7h,img_dalle2_1if0f7h.jpeg,https://i.redd.it/ulfbbnxr2hge1.jpeg,dalle2,2025-02-01T01:34:36
1ieqp3e,img_dalle2_1ieqp3e.jpeg,https://i.redd.it/r1xbnn0pjege1.jpeg,dalle2,2025-01-31T17:04:07
1id3dl6,img_dalle2_1id3dl6.jpeg,https://i.redd.it/gsezd65eqzfe1.jpeg,dalle2,2025-01-29T15:13:57
1id00ke,img_dalle2_1id00ke.jpeg,https://i.redd.it/e2r2soo82zfe1.jpeg,dalle2,2025-01-29T12:58:28
1icwcct,img_dalle2_1icwcct.jpeg,https://i.redd.it/j6skdso7byfe1.jpeg,dalle2,2025-01-29T10:28:21
1icr5gm,img_dalle2_1icr5gm.jpeg,https://i.redd.it/vh2b2ad3ywfe1.jpeg,dalle2,2025-01-29T05:51:39
1icqzu2,img_dalle2_1icqzu2.jpeg,https://i.redd.it/3tenbrsrvwfe1.jpeg,dalle2,2025-01-29T05:39:55
1icogfv,img_dalle2_1icogfv.jpeg,https://i.redd.it/e8os3fb8xvfe1.jpeg,dalle2,2025-01-29T02:25:08
1icg7g5,img_dalle2_1icg7g5.jpeg,https://i.redd.it/15hdhu3fotfe1.jpeg,dalle2,2025-01-28T18:52:14
1ic4ue3,img_dalle2_1ic4ue3.jpeg,https://i.redd.it/0ohrubdgcrfe1.jpeg,dalle2,2025-01-28T11:01:38
1ibzzt6,img_dalle2_1ibzzt6.jpeg,https://i.redd.it/fd31a6km5qfe1.jpeg,dalle2,2025-01-28T07:01:48
1ibd407,img_dalle2_1ibd407.jpeg,https://i.redd.it/1ds3ig8kbkfe1.jpeg,dalle2,2025-01-27T11:26:11
1ibatiz,img_dalle2_1ibatiz.jpeg,https://i.redd.it/61l1cp9zujfe1.jpeg,dalle2,2025-01-27T09:51:08
1ib4bv2,img_dalle2_1ib4bv2.png,https://i.redd.it/26s5d2uq8ife1.png,dalle2,2025-01-27T04:24:38
1ia89a7,img_dalle2_1ia89a7.jpeg,https://i.redd.it/j4g4wm0geafe1.jpeg,dalle2,2025-01-26T02:02:43
1ia7314,img_dalle2_1ia7314.jpeg,https://i.redd.it/81njmsdzz9fe1.jpeg,dalle2,2025-01-26T00:43:07
1ia60e4,img_dalle2_1ia60e4.jpeg,https://i.redd.it/9lvbrkefo9fe1.jpeg,dalle2,2025-01-25T23:36:57
1i9wnl8,img_dalle2_1i9wnl8.jpeg,https://i.redd.it/fr9gbq11d7fe1.jpeg,dalle2,2025-01-25T15:49:04
1i9jtnm,img_dalle2_1i9jtnm.jpeg,https://i.redd.it/8b5ot8oe54fe1.jpeg,dalle2,2025-01-25T05:01:13
1i9g92l,img_dalle2_1i9g92l.jpeg,https://i.redd.it/3rfs9i8zu2fe1.jpeg,dalle2,2025-01-25T00:41:30
1i9g6zy,img_dalle2_1i9g6zy.jpeg,https://i.redd.it/3d4pu4j8u2fe1.jpeg,dalle2,2025-01-25T00:37:51
1i96ge0,img_dalle2_1i96ge0.png,https://i.redd.it/uqzf0lnoe0fe1.png,dalle2,2025-01-24T16:25:52
1i8wsjc,img_dalle2_1i8wsjc.png,https://i.redd.it/hmywdflqdyee1.png,dalle2,2025-01-24T09:36:59
1i8tfet,img_dalle2_1i8tfet.png,https://live.staticflickr.com/65535/54284775848_500485d8be_o.png,dalle2,2025-01-24T06:36:35
1i8hgf9,img_dalle2_1i8hgf9.jpeg,https://i.redd.it/0r32i6zwvtee1.jpeg,dalle2,2025-01-23T18:34:42
1i866bw,img_dalle2_1i866bw.jpeg,https://i.redd.it/42e3b2t9kree1.jpeg,dalle2,2025-01-23T10:41:08
1i7z1qj,img_dalle2_1i7z1qj.jpeg,https://i.redd.it/45g1rp07hpee1.jpeg,dalle2,2025-01-23T03:40:43
1i7ym2n,img_dalle2_1i7ym2n.jpeg,https://i.redd.it/53c0uj18bpee1.jpeg,dalle2,2025-01-23T03:07:05
1i7y7c3,img_dalle2_1i7y7c3.png,https://i.redd.it/4yf0jzcn5pee1.png,dalle2,2025-01-23T02:35:36
1i7xhgi,img_dalle2_1i7xhgi.jpeg,https://i.redd.it/gaciqh55woee1.jpeg,dalle2,2025-01-23T01:42:24
1i7xeb3,img_dalle2_1i7xeb3.jpeg,https://i.redd.it/e7i3wfsyuoee1.jpeg,dalle2,2025-01-23T01:36:18
1i7dnlw,img_dalle2_1i7dnlw.jpeg,https://i.redd.it/8fr55ex3dkee1.jpeg,dalle2,2025-01-22T10:28:30
1i7bbrh,img_dalle2_1i7bbrh.jpeg,https://i.redd.it/e25uyaqmtjee1.jpeg,dalle2,2025-01-22T08:40:35
1i77mtz,img_dalle2_1i77mtz.jpeg,https://i.redd.it/oqpdpxhfoiee1.jpeg,dalle2,2025-01-22T04:48:51
1i76bhx,img_dalle2_1i76bhx.jpeg,https://i.redd.it/bxrjuop56iee1.jpeg,dalle2,2025-01-22T03:06:06
1i6gf6e,img_dalle2_1i6gf6e.jpeg,https://i.redd.it/h0ufe7yzzbee1.jpeg,dalle2,2025-01-21T06:21:06
1i6f1ni,img_dalle2_1i6f1ni.jpeg,https://i.redd.it/13c74hb4ibee1.jpeg,dalle2,2025-01-21T04:40:46
1i5z5tn,img_dalle2_1i5z5tn.jpeg,https://i.redd.it/tg2nc7evd7ee1.jpeg,dalle2,2025-01-20T14:49:37
1i5l0pp,img_dalle2_1i5l0pp.jpeg,https://i.redd.it/iarxkjkar3ee1.jpeg,dalle2,2025-01-20T02:38:08
1i5h5p6,img_dalle2_1i5h5p6.jpeg,https://i.redd.it/px2xqhq3k2ee1.jpeg,dalle2,2025-01-19T22:35:49
1i4xwcw,img_dalle2_1i4xwcw.jpeg,https://i.redd.it/cg8rogwj7yde1.jpeg,dalle2,2025-01-19T07:59:49
1i4r7x9,img_dalle2_1i4r7x9.jpeg,https://i.redd.it/d6fa6bppxvde1.jpeg,dalle2,2025-01-19T00:20:03
1i4q2an,img_dalle2_1i4q2an.jpeg,https://i.redd.it/lt035rmmmvde1.jpeg,dalle2,2025-01-18T23:17:44
1i4mj04,img_dalle2_1i4mj04.jpeg,https://i.redd.it/yr5vr1cfpude1.jpeg,dalle2,2025-01-18T20:12:05
1i4m8pc,img_dalle2_1i4m8pc.jpeg,https://i.redd.it/4yb8vlnvmude1.jpeg,dalle2,2025-01-18T19:57:42
1i4jxo6,img_dalle2_1i4jxo6.jpeg,https://i.redd.it/m2oij3xj2ude1.jpeg,dalle2,2025-01-18T18:03:39
1i4jvle,img_dalle2_1i4jvle.jpeg,https://i.redd.it/g24xmgi52ude1.jpeg,dalle2,2025-01-18T18:00:58
1i4bq7h,img_dalle2_1i4bq7h.jpeg,https://i.redd.it/64bb2fnc8sde1.jpeg,dalle2,2025-01-18T11:52:30
1i49fq0,img_dalle2_1i49fq0.jpeg,https://i.redd.it/6p5w47e9prde1.jpeg,dalle2,2025-01-18T10:06:25
1i487ve,img_dalle2_1i487ve.png,https://i.redd.it/5ndzef8lerde1.png,dalle2,2025-01-18T09:05:46
1i41nox,img_dalle2_1i41nox.jpeg,https://i.redd.it/tssdzvop6pde1.jpeg,dalle2,2025-01-18T01:38:02
1i41873,img_dalle2_1i41873.jpeg,https://i.redd.it/jlhvwvei1pde1.jpeg,dalle2,2025-01-18T01:08:25
1i3z3b3,img_dalle2_1i3z3b3.jpeg,https://i.redd.it/h3pyo93ndode1.jpeg,dalle2,2025-01-17T22:56:27
1i3yfpr,img_dalle2_1i3yfpr.jpeg,https://i.redd.it/nua211oc7ode1.jpeg,dalle2,2025-01-17T22:19:27
1i3yaoy,img_dalle2_1i3yaoy.jpeg,https://i.redd.it/t5mnlhfp5ode1.jpeg,dalle2,2025-01-17T22:11:47
1i3o6im,img_dalle2_1i3o6im.jpeg,https://i.redd.it/no9019krslde1.jpeg,dalle2,2025-01-17T14:13:57
1i3h46s,img_dalle2_1i3h46s.jpeg,https://i.redd.it/i92f9m4y9kde1.jpeg,dalle2,2025-01-17T09:08:04
1i3g2vs,img_dalle2_1i3g2vs.jpeg,https://i.redd.it/bects1cj0kde1.jpeg,dalle2,2025-01-17T08:15:03
1i3dac6,img_dalle2_1i3dac6.png,https://i.redd.it/bweho9u94jde1.png,dalle2,2025-01-17T05:17:03
1i3bnan,img_dalle2_1i3bnan.jpeg,https://i.redd.it/x9gu7826iide1.jpeg,dalle2,2025-01-17T03:09:15
1i3b9s0,img_dalle2_1i3b9s0.jpeg,https://i.redd.it/7nry8coycide1.jpeg,dalle2,2025-01-17T02:40:13
1i3aygd,img_dalle2_1i3aygd.jpeg,https://i.redd.it/u8xrjvym8ide1.jpeg,dalle2,2025-01-17T02:16:20
1i37m3g,img_dalle2_1i37m3g.png,https://i.redd.it/wow80pz07hde1.png,dalle2,2025-01-16T22:44:58
1i37iko,img_dalle2_1i37iko.png,https://i.redd.it/ze7hjvl16hde1.png,dalle2,2025-01-16T22:39:29
1i358kt,img_dalle2_1i358kt.jpeg,https://i.redd.it/myg3fx3mkgde1.jpeg,dalle2,2025-01-16T20:39:51
1i2yx6y,img_dalle2_1i2yx6y.jpeg,https://i.redd.it/0x80pbwe4fde1.jpeg,dalle2,2025-01-16T15:47:08
1i2n97u,img_dalle2_1i2n97u.jpeg,https://i.redd.it/5r58h4o6hcde1.jpeg,dalle2,2025-01-16T06:54:02
1i2n2oh,img_dalle2_1i2n2oh.png,https://i.ibb.co/6gnbc83/9f20d67e-2458-43d0-9a94-bdbb07e9cbbc.png,dalle2,2025-01-16T06:41:53
1i2jvw4,img_dalle2_1i2jvw4.jpeg,https://i.redd.it/gw5fk3wv8bde1.jpeg,dalle2,2025-01-16T02:46:02
1i2g4e9,img_dalle2_1i2g4e9.png,https://i.redd.it/9o259ptw1ade1.png,dalle2,2025-01-15T22:43:50
1i2f0a4,img_dalle2_1i2f0a4.png,https://i.ibb.co/fY70m8L/d89379d4-6f0f-41aa-b6b2-a8b1022912b2.png,dalle2,2025-01-15T21:45:38
1i2e357,img_dalle2_1i2e357.png,https://i.redd.it/m86g0sfri9de1.png,dalle2,2025-01-15T20:58:56
1i21n0a,img_dalle2_1i21n0a.png,https://i.redd.it/qktz9kaas6de1.png,dalle2,2025-01-15T11:44:31
1i1sib1,img_dalle2_1i1sib1.jpeg,https://i.redd.it/m0ns8pr944de1.jpeg,dalle2,2025-01-15T02:47:17
1i1jj3s,img_dalle2_1i1jj3s.png,https://i.ibb.co/6wb0BY8/Colorful-rainbow-gradient-waves-png.png,dalle2,2025-01-14T18:20:37
1i1b8kk,img_dalle2_1i1b8kk.png,https://i.redd.it/mq7g2bn6uzce1.png,dalle2,2025-01-14T12:22:56
1i1902e,img_dalle2_1i1902e.jpeg,https://i.redd.it/cekkxq9ddzce1.jpeg,dalle2,2025-01-14T10:48:24
1i1238c,img_dalle2_1i1238c.jpeg,https://i.redd.it/2l93y1krdxce1.jpeg,dalle2,2025-01-14T04:07:27
1i0yuni,img_dalle2_1i0yuni.png,https://i.ibb.co/gVpMjcN/D-collage-version-of-the-floral-gradient-artwork-png.png,dalle2,2025-01-14T00:16:55
1i0spi6,img_dalle2_1i0spi6.jpeg,https://i.redd.it/n7bh9jimouce1.jpeg,dalle2,2025-01-13T19:02:56
1i0ksor,img_dalle2_1i0ksor.png,https://i.redd.it/jpp73u6y0tce1.png,dalle2,2025-01-13T13:28:27
1i0kpre,img_dalle2_1i0kpre.png,https://i.redd.it/3dlsiszd0tce1.png,dalle2,2025-01-13T13:25:15
1i0kmx9,img_dalle2_1i0kmx9.png,https://i.redd.it/ecncs2rszsce1.png,dalle2,2025-01-13T13:22:08
1i08hd2,img_dalle2_1i08hd2.jpeg,https://i.redd.it/nyga48imnpce1.jpeg,dalle2,2025-01-13T02:08:14
1i085u0,img_dalle2_1i085u0.jpeg,https://i.redd.it/ylebi2mpjpce1.jpeg,dalle2,2025-01-13T01:46:13
1hzvke5,img_dalle2_1hzvke5.jpeg,https://i.redd.it/ypkiowcidmce1.jpeg,dalle2,2025-01-12T15:06:15
1hzq3ad,img_dalle2_1hzq3ad.jpeg,https://i.redd.it/v2mjyt998lce1.jpeg,dalle2,2025-01-12T11:14:49
1hzbehx,img_dalle2_1hzbehx.jpeg,https://i.redd.it/20pghyrgtgce1.jpeg,dalle2,2025-01-11T20:24:55
1hz9kpt,img_dalle2_1hz9kpt.png,https://i.redd.it/wq97pqeqcgce1.png,dalle2,2025-01-11T18:55:45
1hz83r1,img_dalle2_1hz83r1.png,https://i.redd.it/2xt9dpb51gce1.png,dalle2,2025-01-11T17:46:42
1hyyjs5,img_dalle2_1hyyjs5.jpeg,https://i.redd.it/ibopc4ihxdce1.jpeg,dalle2,2025-01-11T10:42:23
1hyobfe,img_dalle2_1hyobfe.jpeg,https://i.redd.it/3bu35g66oace1.jpeg,dalle2,2025-01-10T23:46:15
1hymbxq,img_dalle2_1hymbxq.jpeg,https://i.redd.it/qvcn8gbj4ace1.jpeg,dalle2,2025-01-10T21:54:56
1hylzqn,img_dalle2_1hylzqn.jpeg,https://i.redd.it/o4ybz47c1ace1.jpeg,dalle2,2025-01-10T21:36:34
1hyjzxk,img_dalle2_1hyjzxk.jpeg,https://i.redd.it/omlhcc82j9ce1.jpeg,dalle2,2025-01-10T19:54:16
1hyeguu,img_dalle2_1hyeguu.jpeg,https://i.redd.it/5w92jk6ba8ce1.jpeg,dalle2,2025-01-10T15:44:32
1hy2kk8,img_dalle2_1hy2kk8.jpeg,https://i.redd.it/qkd9f28ol5ce1.jpeg,dalle2,2025-01-10T06:41:30
1hxza3a,img_dalle2_1hxza3a.jpeg,https://i.redd.it/6x6dm50de4ce1.jpeg,dalle2,2025-01-10T02:39:21
1hxbxp9,img_dalle2_1hxbxp9.jpeg,https://i.redd.it/tegx9balrybe1.jpeg,dalle2,2025-01-09T07:42:13
1hx42bm,img_dalle2_1hx42bm.png,https://i.redd.it/234ubw015wbe1.png,dalle2,2025-01-08T22:52:14
1hw48fm,img_dalle2_1hw48fm.jpeg,https://i.redd.it/avl955r9gnbe1.jpeg,dalle2,2025-01-07T17:39:31
1hvp5y5,img_dalle2_1hvp5y5.jpeg,https://i.redd.it/8a22ykup1kbe1.jpeg,dalle2,2025-01-07T06:13:12
1p1vdgx,img_dalle2_1p1vdgx.jpeg,https://i.redd.it/lhivio6toc2g1.jpeg,aiArt,2025-11-20T00:48:10
1p14zcf,img_dalle2_1p14zcf.png,https://i.redd.it/non1p1h0572g1.png,aiArt,2025-11-19T06:17:16
1ozpmle,img_dalle2_1ozpmle.jpeg,https://i.redd.it/d4f387fmbv1g1.jpeg,aiArt,2025-11-17T14:24:06
1oyq31k,img_dalle2_1oyq31k.jpeg,https://i.redd.it/y6ezjy2han1g1.jpeg,aiArt,2025-11-16T11:29:44
1oxzx5e,img_dalle2_1oxzx5e.jpeg,https://i.redd.it/91skar2i7a1g1.jpeg,aiArt,2025-11-15T14:03:21
1owzzo5,img_dalle2_1owzzo5.jpeg,https://i.redd.it/wdmdescwt81g1.jpeg,aiArt,2025-11-14T10:45:34
1owm8wy,img_dalle2_1owm8wy.jpeg,https://i.redd.it/bv5vazrna51g1.jpeg,aiArt,2025-11-13T22:51:58
1ow4dpw,img_dalle2_1ow4dpw.jpeg,https://i.redd.it/08w0modeo11g1.jpeg,aiArt,2025-11-13T10:42:21
1ovdqso,img_dalle2_1ovdqso.jpeg,https://i.redd.it/su3p4eyqgv0g1.jpeg,aiArt,2025-11-12T13:48:51
1oujgkl,img_dalle2_1oujgkl.jpeg,https://i.redd.it/1fgaaammmo0g1.jpeg,aiArt,2025-11-11T14:48:48
1oudidh,img_dalle2_1oudidh.jpeg,https://i.redd.it/e9ge5hzujn0g1.jpeg,aiArt,2025-11-11T11:11:48
1p1vdgx,img_dalle2_1p1vdgx.jpeg,https://i.redd.it/lhivio6toc2g1.jpeg,aiArt,2025-11-20T00:48:10
1p14zcf,img_dalle2_1p14zcf.png,https://i.redd.it/non1p1h0572g1.png,aiArt,2025-11-19T06:17:16
1ozpmle,img_dalle2_1ozpmle.jpeg,https://i.redd.it/d4f387fmbv1g1.jpeg,aiArt,2025-11-17T14:24:06
1oyq31k,img_dalle2_1oyq31k.jpeg,https://i.redd.it/y6ezjy2han1g1.jpeg,aiArt,2025-11-16T11:29:44
1oxzx5e,img_dalle2_1oxzx5e.jpeg,https://i.redd.it/91skar2i7a1g1.jpeg,aiArt,2025-11-15T14:03:21
1owzzo5,img_dalle2_1owzzo5.jpeg,https://i.redd.it/wdmdescwt81g1.jpeg,aiArt,2025-11-14T10:45:34
1owm8wy,img_dalle2_1owm8wy.jpeg,https://i.redd.it/bv5vazrna51g1.jpeg,aiArt,2025-11-13T22:51:58
1ow4dpw,img_dalle2_1ow4dpw.jpeg,https://i.redd.it/08w0modeo11g1.jpeg,aiArt,2025-11-13T10:42:21
1ovdqso,img_dalle2_1ovdqso.jpeg,https://i.redd.it/su3p4eyqgv0g1.jpeg,aiArt,2025-11-12T13:48:51
